id;document_id;document_type;action;changed_by;timestamp;previous_value;new_value;remarks
1;11750;RECEIVED_DOCUMENT;across well;oof;2026-08-06T13:44:17;object;jumbo;../fake-data/blob/hipster.txt
2;8964;DOCUMENT_REFERENCE;judgementally;scoop;2026-08-06T08:50:47;yet;outside bloom snappy;../fake-data/blob/hipster.txt
3;15707;RECEIVED_DOCUMENT;adventurously nor afore;hence;2026-08-07T01:55:52;why whereas;rudely yum;../fake-data/blob/hipster.txt
4;13881;RECEIVED_DOCUMENT;apud against;waver chasuble hmph;2026-08-06T19:11:00;sweatshop frightfully ligate;gadzooks institutionalize;../fake-data/blob/hipster.txt
5;16692;RECEIVED_DOCUMENT;but merrily yum;er shrill;2026-08-07T01:48:47;skeletal pitiful;yum sparse;../fake-data/blob/hipster.txt
6;15924;RECEIVED_DOCUMENT;upon miserably essential;ack;2026-08-06T23:06:10;yowza;airport;../fake-data/blob/hipster.txt
7;17014;DOCUMENT_REFERENCE;mmm oh gloom;mechanically following;2026-08-07T05:26:29;ouch;obediently;../fake-data/blob/hipster.txt
8;11070;DOCUMENT_REFERENCE;cutover pity;excited unlike tankful;2026-08-06T17:23:00;wordy joshingly;or sans second-hand;../fake-data/blob/hipster.txt
9;9065;RECEIVED_DOCUMENT;wealthy questioningly upon;midst;2026-08-06T16:37:00;from wicked annex;into;../fake-data/blob/hipster.txt
10;9511;DOCUMENT_REFERENCE;continually legend refer;capitalise delectable ack;2026-08-06T21:15:06;before squiggly needy;hence and;../fake-data/blob/hipster.txt
11;23812;RECEIVED_DOCUMENT;incidentally empty;peppery while;2026-08-06T18:40:59;during outbid;hm;../fake-data/blob/hipster.txt
12;8680;RECEIVED_DOCUMENT;fooey gad instead;over drag;2026-08-06T18:07:12;ah;meadow apud;../fake-data/blob/hipster.txt
13;22481;DOCUMENT_REFERENCE;lazy but plus;whenever provided;2026-08-07T03:12:19;if amnesty;gosh;../fake-data/blob/hipster.txt
14;27267;RECEIVED_DOCUMENT;respectful procrastinate;painfully;2026-08-07T07:50:11;goat circa;out vamoose carelessly;../fake-data/blob/hipster.txt
15;7786;DOCUMENT_REFERENCE;but;pace whoa pigpen;2026-08-07T05:22:36;event passionate usefully;zowie;../fake-data/blob/hipster.txt
16;30811;RECEIVED_DOCUMENT;behind pushy for;ack righteously fishery;2026-08-06T16:05:31;worst gadzooks outlaw;jagged whereas sonar;../fake-data/blob/hipster.txt
17;25355;DOCUMENT_REFERENCE;hmph;tame dead dwell;2026-08-07T07:19:57;tremendously against sadly;rural whoever;../fake-data/blob/hipster.txt
18;8557;RECEIVED_DOCUMENT;holster before cork;however;2026-08-06T14:44:39;healthily drat admired;unethically until ah;../fake-data/blob/hipster.txt
19;24651;DOCUMENT_REFERENCE;nifty downchange;wide-eyed;2026-08-07T04:29:55;brr even surprisingly;beside pace;../fake-data/blob/hipster.txt
20;13807;DOCUMENT_REFERENCE;excellent hm innocently;where mutate;2026-08-06T19:20:55;pro kiddingly digit;rejoin sign;../fake-data/blob/hipster.txt
21;15559;RECEIVED_DOCUMENT;besides graduate;concerning;2026-08-06T23:38:43;brief than;deployment clone;../fake-data/blob/hipster.txt
22;31146;RECEIVED_DOCUMENT;stake;carefully deeply;2026-08-06T14:24:35;ack curry ick;fooey across puny;../fake-data/blob/hipster.txt
23;30365;DOCUMENT_REFERENCE;commercial correctly punctuation;to blah;2026-08-07T06:36:48;whoa;hence yet;../fake-data/blob/hipster.txt
24;25908;DOCUMENT_REFERENCE;jubilantly wisely after;meaty trim;2026-08-06T10:16:54;evil accept toward;solace why satisfy;../fake-data/blob/hipster.txt
25;11621;RECEIVED_DOCUMENT;openly kissingly pixellate;gleefully;2026-08-07T01:21:08;delirious till hmph;while woot growing;../fake-data/blob/hipster.txt
26;1223;RECEIVED_DOCUMENT;which starch gallery;impressive;2026-08-06T20:55:06;colorfully;unrealistic clonk enlightened;../fake-data/blob/hipster.txt
27;1671;DOCUMENT_REFERENCE;reluctantly mad;unaccountably;2026-08-07T07:06:50;blah;so even zany;../fake-data/blob/hipster.txt
28;23560;RECEIVED_DOCUMENT;piglet;fatally who;2026-08-06T10:04:49;pantyhose;lovingly;../fake-data/blob/hipster.txt
29;5521;DOCUMENT_REFERENCE;ha;unkempt concerning vice;2026-08-06T15:03:44;summary sign;fervently;../fake-data/blob/hipster.txt
30;25053;RECEIVED_DOCUMENT;through nicely um;wasabi adventurously;2026-08-06T17:29:57;interestingly above birdcage;huzzah because wobbly;../fake-data/blob/hipster.txt
