id;name;position;email;contact_no
1;midst anxiously;severe emerge jeopardise;Trystan7@hotmail.com;expert correctly
2;aha ha;incidentally pish;Brendan_Brown29@yahoo.com;blah flu
3;onto;fiercely;Antonetta.Kris-Franecki@yahoo.com;till downshift
4;intrepid lest;cardboard minty rural;Sonny.Green@yahoo.com;acceptable till
5;wherever inasmuch;calculating;Toby.Sanford@yahoo.com;unsightly muffled hard-to-find
6;provided accentuate homeschool;psst extract provision;Bobby81@gmail.com;fen raw
7;into;dependable yum;Barbara89@gmail.com;disposer
8;next;yum notwithstanding scornful;Eric_Kovacek92@yahoo.com;violent ha courageously
9;out;minus demonstrate;Naomie.Daniel@yahoo.com;a as woot
10;even;censor forage preclude;Mona_Becker@yahoo.com;ew atop
11;over state whenever;weight while ugh;Will_Koch@hotmail.com;heighten
12;whose inject nor;farm comestible;Amos28@yahoo.com;bah
13;or vainly about;floodlight phew yowza;Glen11@gmail.com;forenenst
14;yowza;gentle lively;Laurence_Bradtke90@hotmail.com;stint athwart bend
15;frightfully shirk;plan;Bradford_Hyatt65@hotmail.com;configuration
16;painfully sometimes;aw yummy tattered;Francis53@hotmail.com;ah
17;unwritten honored brr;that abacus;Zion18@yahoo.com;charter
18;astride;scented;Jaydon86@yahoo.com;knowledgeably
19;outfit;redevelop community;Joe_Kerluke59@hotmail.com;truthfully inasmuch
20;um;pike glaring;Molly31@hotmail.com;where boohoo
21;cruelly pasta;ha as pricey;Wyman88@hotmail.com;sanity
22;reapply;governance skean as;Omar.Jerde90@gmail.com;pry fooey unimpressively
23;aw;gee;Jewel79@yahoo.com;midst onto
24;furthermore;cuckoo after attend;Preston96@hotmail.com;meal meal
25;wedge psst aching;to yum in;Conrad25@hotmail.com;intermarry fooey softly
26;devise unique even;swiftly;Connie96@hotmail.com;boldly
27;tight ha amongst;as boom pish;Elsie.Mann74@hotmail.com;um
28;astride same elementary;briefly;Gerald9@yahoo.com;yuck inspect
29;depart;innocently prime;Lucile55@yahoo.com;and squid musty
30;after upliftingly;disarm burly;Blake22@gmail.com;redesign
