id;name
1;than
2;wildly thrifty
3;jellyfish weighty in
4;longboat
5;secret
6;murky
7;yet midst enchanting
8;sizzle
9;noted now questionably
10;creaking plus
11;anenst spotless psst
12;minister kick well-documented
13;unto along volunteer
14;elderly notwithstanding
15;unto onto near
16;arcade certainly riser
17;shore nor but
18;kookily in
19;through collectivization
20;gracious quart
21;deep huzzah indeed
22;other ugh
23;inquisitively
24;vet
25;qua safely thankfully
26;extricate
27;brr gee
28;brr aw redress
29;ack
30;when scuffle except
